{
  "c": true,
  "alipays": "alipays://platformapi/startapp?saId\u003d10000007\u0026qrcode\u003dhttps://qr.alipay.com/aex00733fo8pe2wengwll19",
  "qqGroupKey": "",
  "qqGroupTitle": "",
  "minAdapt": "7.1.30",
  "maxAdapt": "7.6.60",
  "dialogTitle": "严正声明",
  "dialogIntro": "随时停服，随缘使用！",
  "dialogShow": false,
  "dialogExit": false,
  "dialogTime": 0,
  "updateInfo": {
    "u": true,
    "f": false,
    "vn": "1.3.9",
    "vc": 41,
    "du": "https://skyhand.lanzoui.com/b03bxzehe",
    "dt": "密码:6378",
    "title": "闲鱼猪手1.3.9更新啦！！！",
    "intro": "\n对比1.3.8更新记录：\n1. 优化 我的页面互动权益净化不干净\n2. 修复 在Android7/8 上闪退\n3. 修复 检查更新失败\n4. 修改 店铺提示\n\n备注：首次使用7.3.80之后的新版本，需要先打开鱼币界面手动选择一个店铺类型。",
    "time": 3
  },
  "beta": {
    "c": true,
    "alipays": "alipays://platformapi/startapp?saId\u003d10000007\u0026qrcode\u003dhttps://qr.alipay.com/aex00733fo8pe2wengwll19",
    "qqGroupKey": "G_GgPypSkNqT7roz8CMbHbNTkkOQVbbv",
    "qqGroupTitle": "点击加入QQ群进行交流反馈、优先体验",
    "minAdapt": "7.1.30",
    "maxAdapt": "7.4.80",
    "dialogTitle": "提示标题",
    "dialogIntro": "提示内容",
    "dialogShow": false,
    "dialogExit": false,
    "dialogTime": 5,
    "updateInfo": {
      "u": true,
      "f": false,
      "vn": "1.3.9",
      "vc": 41,
      "du": "https://skyhand.lanzoui.com/b03bxzehe",
      "dt": "密码:xyzs",
      "title": "闲鱼猪手1.3.9更新啦！！！",
      "intro": "\n\n对比1.3.8更新记录：\n1. 优化 我的页面互动权益净化不干净\n2. 修复 在Android7/8 上闪退\n3. 修复 检查更新失败\n4. 修改 店铺提示\n\n备注：首次使用7.3.80之后的新版本，需要先打开鱼币界面手动选择一个店铺类型。",
      "time": 3
    }
  }
}